region,total_revenue,customer_count,avg_revenue_per_customer
rural,63024.1784,211,298.6927886255924
urban,93753.1142,382,245.4270005235602
