region,total_revenue,customer_count,avg_revenue_per_customer
urban,93753.110000000000000000,382,245.430000000000000000
rural,63024.180000000000000000,211,298.690000000000000000
