service_type,total_revenue,total_invoices,avg_revenue_per_customer
data,133434.380000000000000000,593,225.020000000000000000
voice,19344.690000000000000000,593,32.620000000000000000
sms,0E-18,593,0E-18
